sample_id,is_baseline,c0,c1,c2,c3,c4,theta_root,theta_mid,theta_tip,tc_root,tc_tip,camber,RPM,T_per_rotor,P_total,FM,CT,CP,T_margin_pct,T_per_rotor_rhomin,P_total_rhomin,T_margin_pct_rhomin,f1_bending_hz,blade_mass_kg,feasible,robust_feasible,rpm_feasible,mach_feasible,hover_feasible,structural_feasible
0,1,0.07925,0.113,0.0884,0.06875,0.0447,25.0,15.0,8.0,0.25,0.10514541387024609,0.03,2537.0,4.085618066842644,237.98365750556815,0.37304508380466916,0.009108103697985738,0.0016476525353022252,37.655595244024376,3.2406388875388106,190.21172605572784,9.185946345647267,153.34611669059095,0.3330882275847558,1,1,1,1,1,1
1,0,0.13225822825779215,0.039369955498468036,0.1341927593649258,0.07654896198431461,0.06633472156012103,16.697510654497776,12.778256334922776,4.347576452326466,0.11856145203485735,0.08288074955653513,0.015263119058108163,2496.9365030282406,2.922135423841126,173.4127482831532,0.30966441065945766,0.006725064869896344,0.0012593267360066134,-1.545302431228901,2.3123758633701033,146.07399506430366,-22.089762015832104,99.64491842274052,0.2527499470477094,0,0,1,1,0,1
2,0,0.09077890390716659,0.13177747202993279,0.08850950854978187,0.1056811559387853,0.0236251855560329,15.768170275669513,10.061683096137779,4.611578339151988,0.19156753187783102,0.0601015892715155,0.0014117427789735574,2028.5189150112212,1.2364988885606152,72.40500922562173,0.20414737034174996,0.004311682197205836,0.0009806438884407383,-58.338986234480615,0.9806335610659245,61.1714732656503,-66.95978567837182,128.77558171647595,0.32227802957512725,0,0,1,1,0,1
3,0,0.030466199864871205,0.05983796660089469,0.08939732128995248,0.06446380268810481,0.06050949263645207,27.74983762960229,15.08248207269564,10.476985570913314,0.1433033696378403,0.11295233265438862,0.02453008828940865,2068.96676514474,2.5180869457728066,124.57874220601818,0.344813251947182,0.00844062932388186,0.0015902422813672756,-15.158795627600853,2.000891006275556,99.16282385305372,-32.584534828990705,58.55168087880878,0.1439177898774316,0,0,1,1,0,1
4,0,0.07668383592868874,0.09922486323109211,0.0434132805867197,0.04085071192251609,0.038261116777803694,30.694288599114568,7.437687871771788,6.44688662110967,0.2201356037364668,0.08453311163474359,0.05258960145846462,2877.2947012765326,3.136562369972545,198.63282199014327,0.3006434087076474,0.005436211833591019,0.000942709476342954,5.679325133845858,2.4964280617835826,158.10581162799113,-15.888542392736438,140.4482381399365,0.17393709125093818,0,0,1,1,1,0
5,0,0.03717089049262741,0.036263461639208,0.03995503235455917,0.05107134399697681,0.020333621464619235,37.5045466543618,4.245144521287372,-4.62631908422118,0.14104487179464265,0.06602317230683855,0.005314762297579546,2653.9148933204315,-0.42877705190623444,82.05670129189558,nan,-0.0008735116193074002,0.0004962870890008209,-114.44666616934751,-0.3379715394164047,65.56814712361707,-111.38718124718345,52.6958472851151,0.04215584500198551,0,0,1,1,0,1
6,0,0.0537520583759739,0.1230927114612009,0.09170817812652227,0.0739592602161749,0.02662206819562394,22.085658376480076,18.216274189785164,-1.958002648587171,0.1326053663777614,0.11991475128923615,0.051739934453612295,2328.155702387056,3.4982498786277403,190.65773849734666,0.3689296943887507,0.009260574288032392,0.0017080409162975303,17.86556194837401,2.7898635798309264,152.4626131725241,-6.001900949092775,105.20515534006805,0.22814243377174862,1,0,1,1,1,1
7,0,0.11431469435792024,0.1294489812197688,0.1190910353773483,0.10138865795469791,0.03363319318807071,13.133046690068321,7.587619146226579,3.593930274887052,0.11991097066967263,0.05737582004405041,0.02695193202412317,3032.899567264075,3.6424859143754795,249.5126562030937,0.29952015359956385,0.005681891789041637,0.0010111099635142589,22.72526665685579,2.876191413013486,215.42544621029575,-3.093281232699252,106.10868138131804,0.27542411102777004,0,0,1,0,1,1
8,0,0.03313375048562949,0.047291535064498506,0.12247134196607302,0.029159535670087496,0.0694194886751186,29.489742130326555,23.158275248905404,10.157994709106132,0.16239898917329176,0.10718089689677124,0.03395079088480828,2194.458058428958,2.8131265169423942,143.14351547156355,0.35435129611043487,0.008381964757613668,0.001531333284473716,-5.218109267439541,2.2460623750506246,116.04847659958669,-24.324043967297015,81.91213198002187,0.1632942180412163,0,0,1,1,0,1
9,0,0.13163786180335452,0.048214995377184294,0.14649704781124784,0.09290669310349185,0.046856573585378695,5.6249186647739835,12.268249966560393,2.8942363313568755,0.09843189751222536,0.07269581057969923,0.002761967982439678,2922.048274957804,3.4739148258760975,245.435356959517,0.2836047042907869,0.0058378849051109105,0.0011121282290887217,17.04564777210571,2.7412313365404173,211.1047736349805,-7.64045362060588,97.48544067441141,0.24105323990931984,0,0,1,1,1,0
10,0,0.08570847186522615,0.04002181067193144,0.10077045667036486,0.02098144912614796,0.05457829004814406,39.64081100471389,8.096637645917195,3.179240661967256,0.196889416994591,0.0488354888915361,0.03464162589114401,2847.676484742217,2.1388927645843405,137.6895517210214,0.24423299704073664,0.0037845901003806847,0.0006740761120716691,-27.934879899449438,1.6996366501863545,113.73831034981805,-42.73461421205005,125.24771125263169,0.14810248760667333,0,0,1,1,0,1
11,0,0.08291598790447985,0.04159963790066929,0.11246537929601931,0.06791693753310257,0.025991654560039285,32.136781313198966,12.94518463257413,6.267501125572256,0.16392753232331314,0.06804983373171104,0.03176598602132561,2744.7989030039603,3.7056457261590774,219.1582741957833,0.3499127609970875,0.007057550094367445,0.0011981361593915657,24.853292660346284,2.9368903353149967,178.88422300422536,-1.0481692953168253,104.03011085807438,0.17196829867437544,1,0,1,1,1,1
12,0,0.14538216875646937,0.04629033217938644,0.09389282277038641,0.037764751169009195,0.061079011483705974,25.28355832136675,14.787284992100593,12.50113042200168,0.08248541457789274,0.05244935418051461,0.018273762904075723,2907.327593476527,4.523648726038127,296.98922696510135,0.3482686816558031,0.007679130862699474,0.0013662767662668298,52.41404063470778,3.589803100827434,240.65104994530142,20.950239246207335,96.05579323743044,0.13077864555704002,0,0,1,1,1,0
13,0,0.03193150262212348,0.0761697467131366,0.06873567649870521,0.11209827648466514,0.04492929330879667,38.99956424762895,17.098697425266995,-2.6495042742946002,0.23441043326951355,0.11139182660498048,0.002258273273576026,2161.1799749010934,1.4814026121947819,107.63538275628449,0.18008453028987886,0.004550953228648257,0.0012054859498919304,-50.08751306621355,1.1763986122674122,91.844807212683,-60.36392815810606,79.81399869030007,0.2535632441319079,0,0,1,1,0,1
14,0,0.04946205887643383,0.07469476714877424,0.05440632933890815,0.034081349341817835,0.04889141330262416,18.98947381675505,16.75511576184677,5.509805591528071,0.17482962119214834,0.043790822333156156,0.019230401948181333,2353.1743005552808,2.2412437708547523,115.62840852588995,0.31195424723325155,0.005807537699549101,0.001003187601021776,-24.486395860688937,1.788439628408867,92.38507747530525,-39.74260012099504,72.6690872754741,0.08532566349963767,0,0,1,1,0,1
15,0,0.12711356706334825,0.08271429514479559,0.10352206578065172,0.06141927540589806,0.03645922898536464,38.521263300379495,5.977350941515216,5.744982747856312,0.22481271516215018,0.04245784757028044,0.04368138510471853,2887.900018141797,3.0039315117215786,203.71448921201537,0.27474824599415254,0.005168170769618113,0.0009562145698559419,1.2106304488402442,2.384600128739724,167.29944253964194,-19.656329894214153,227.13656276415077,0.310217477088093,1,0,1,1,1,1
16,0,0.03501733162479069,0.14121557970870047,0.03831364053708966,0.07083832136432835,0.06968232116280243,24.38538532820829,23.51416346180392,9.563584693693727,0.1528743623183481,0.07832053663440301,0.03745810316794497,2539.078518198571,4.850227987835956,300.90573238553,0.38162303095362254,0.010794959732695312,0.002078174280434556,63.41738503490419,3.86965323828497,248.14766935803883,30.379152233321083,90.82911555795401,0.2021592940529003,1,1,1,1,1,1
17,0,0.07300189730012736,0.10383159316333784,0.04093097855378581,0.09821071151469113,0.07080387295582646,19.57532603997082,12.45959483415835,-4.109064652186051,0.12238034466496917,0.11904039780547249,0.023228771737020083,2373.392637594463,1.5845624674241636,129.38154816760365,0.16573472479906912,0.004036280305405448,0.001094065866823143,-46.61177670403761,1.258203850862925,113.74313268048427,-57.60768696553487,64.2618048186256,0.21605441065621755,0,0,1,1,0,1
18,0,0.05111795406967533,0.104421528271055,0.10883342655378862,0.11184619670148496,0.07376264410567868,33.01976351742533,21.241654393627098,-1.442033683188792,0.23100310874002677,0.051534641726241795,0.02418923158378213,2237.6352520199034,3.60684795556664,206.90481207266845,0.35591227729427577,0.010336187531638326,0.002087769761465284,21.524526804805944,2.8627228753156237,175.31179629336432,-3.5470729341097074,98.33575765493549,0.32457937122798847,1,0,1,1,1,1
19,0,0.03378966953803547,0.0573063026221212,0.12465136735316255,0.024276851396223362,0.03672226204639127,25.10647368366958,23.821293466438338,14.58175227200622,0.15406358353495914,0.05080075153184045,0.01606268382194009,2858.6237161673153,4.051764121382524,248.5426298276877,0.3527663488381886,0.007114449568014271,0.0012028453947032234,36.51496365844083,3.2376451262037236,202.58075570260203,9.085078376136234,107.39358014474888,0.12306132686717695,1,1,1,1,1,1
20,0,0.06797123219669421,0.1362811910450354,0.09216863046876855,0.08216125724356835,0.06259610564711723,26.64001716529196,4.998655091545073,-0.8744966673380814,0.2032976773632293,0.06520554605914056,0.016673426644770145,2521.3491474743296,0.9661668363333725,121.66639428914065,0.08391302158823637,0.0021807068264762127,0.0008581270006634611,-67.44720901841737,0.7665845091685519,109.67477850555616,-74.17168095793288,130.39777155225963,0.3170730633804697,0,0,1,1,0,0
21,0,0.07947522021251427,0.12459027983015239,0.13084737328895926,0.11547347424588356,0.056486063493215395,37.665659477945056,5.797295106345437,12.795213987331842,0.17433236393141494,0.10235556508771038,0.04098071831517198,3026.3570228351427,5.535317450175376,383.2371681627733,0.3653154033694476,0.008671881735718435,0.001563100987413041,86.49991408946684,4.37520376190745,323.1434836395444,47.412525670736194,119.19449589406962,0.43108615808963896,0,0,1,0,1,1
22,0,0.04212845239853335,0.12117431454293771,0.14335086649844897,0.10644178949856083,0.02821172344563973,39.969307873459385,12.057640086777587,11.810271793190882,0.2125670365196794,0.11489108143455368,0.03224446110136603,2397.2687461590826,3.9376609920762,211.77984389205312,0.39663831916741327,0.009831414624983525,0.0017378582560671147,32.67051860095014,3.11665992178612,176.07854067692108,5.008757472578185,161.35115623048108,0.46414537543889894,0,0,1,1,1,0
23,0,0.07562144490850355,0.07555460834884317,0.04873768486832707,0.10372463266107015,0.05937927669654995,10.302923998447048,19.25130548781828,-4.566035537825102,0.09006446075302592,0.0992292640248349,0.029805392067639616,2654.7657172985237,3.8471951524750505,277.7931636419193,0.29202267797288584,0.007832545945511579,0.0016785058126272466,29.622478183121647,3.0515421120573767,233.154149976044,2.8147611879170142,58.901065470860615,0.15288875916093758,1,1,1,1,1,1
24,0,0.037462072045613665,0.11675865880552241,0.12093371065635193,0.022046480399139035,0.06719455551870669,33.72352900151074,6.434158925692094,-1.2578074892866171,0.14376925594963125,0.10488762136075808,0.0555794398448639,2099.7860330911094,1.4159562841524294,73.42177074499449,0.24670146093443135,0.004607983290890686,0.000896560547746437,-52.29257802720926,1.1259994762852683,59.88817204502809,-62.062012254539475,110.15578479534223,0.23115936682470645,0,0,1,1,0,1
25,0,0.13355068510804907,0.06988624829886872,0.10467711463478223,0.04820834241070929,0.01600049643829187,33.484859734494925,20.022768068804844,-2.4921818896143,0.18110245038151584,0.07722523724447931,0.025646030031469678,2135.4693168679664,2.079814595787428,99.11433497372431,0.32532861851259864,0.006544087323608084,0.0011506317723318528,-29.925384238968057,1.660585583976518,79.16367379500171,-44.0503509441874,235.07924696191114,0.26734859598621924,0,0,1,1,0,1
26,0,0.03860993790028635,0.08868688479160791,0.07843609912617625,0.04554395270291135,0.05795973049972608,14.253449466909455,18.37131625363727,12.209445637300163,0.10232836616341087,0.10113086479889463,0.04656301730907838,2504.343335764195,3.9293185496763168,233.83019544331745,0.3580940235297642,0.008989605564657147,0.0016830572321610356,32.38943900526674,3.1410263251873336,188.3409320804699,5.829727937578633,60.77685371130246,0.11455345285016721,1,1,1,1,1,1
27,0,0.05575387880016282,0.13249790432502023,0.05110499380675247,0.11381074901826094,0.05851315123019487,35.65855672661286,24.95571511222937,6.542838384124607,0.14600050323645958,0.06869939479406363,0.0043037431725766765,2083.8059098659273,3.3577941442189245,170.21185895396866,0.3886092143910551,0.01109559694304438,0.002126659284669707,13.133225883386945,2.667084746961381,140.74671663397035,-10.13865407812058,75.34420277884385,0.23359519376923485,1,0,1,1,1,1
28,0,0.06188344915110195,0.05869335480028533,0.054029806363654446,0.0536618195454876,0.04955976336559505,19.378319655178913,11.073691024239684,14.35367710289303,0.18901949977947055,0.08927352468632618,0.028991898126583662,3092.3221971680778,5.017717647107892,367.7465995063305,0.32857345263171056,0.007529183455707951,0.001405964482735361,69.06056762492898,3.992895777719931,301.1621572071244,34.531528898919504,72.68688965967262,0.11486936710227036,0,0,1,0,1,1
29,0,0.10055848782029979,0.11780989637569213,0.09639702618667714,0.07297197213876636,0.03468899470507692,15.00045679714316,18.560754892394286,5.172516156855282,0.09612194367346683,0.07064750187262664,0.02166884486724183,2247.583296386692,3.30266062328623,175.00326206911126,0.3686986831786049,0.00938087809792477,0.0017425235423481813,11.275627469212601,2.626467378360014,139.11867739904903,-11.507163801886321,81.18831608244233,0.17911196503390994,1,0,1,1,1,1
30,0,0.06103734937451043,0.11243391123808309,0.03494091471833311,0.10065453747219945,0.019208611732098792,9.70335829582201,17.766257590616966,8.876243303615926,0.18695246430325924,0.07482738739925426,0.05312621657563265,2021.3461368279845,3.0487246702587716,154.95226552536653,0.36931860381152304,0.010706510891375857,0.0021210737135781027,2.719833903597424,2.4357159004589644,126.91213929663427,-17.934100388848904,89.47873438282303,0.2005767188662956,1,0,1,1,1,1
31,0,0.1477917672694179,0.06686668766033252,0.03669504433732634,0.03691297977633547,0.0458108808822006,11.710846467359655,16.501623089363896,13.951290853846452,0.11266827670371152,0.09567072547201119,0.040332067401013874,2940.670790338534,3.978922618110918,271.6314459386483,0.3141159591526191,0.006602126072781458,0.0012075933703653864,34.06073511155383,3.1825853191719244,218.55036296478403,7.229963583959709,132.87923985560764,0.15900354182657295,1,1,1,1,1,1
32,0,0.1060820466966236,0.12606211427272251,0.07285611543990264,0.021287113449442556,0.05302643881380533,17.24903010556188,2.8085236291950775,2.7925815871252038,0.2070009597422387,0.05358058387482764,0.03579089415254265,3137.4233972757174,1.894877481191821,155.00504965080938,0.1809037890060033,0.0027621420427058744,0.000567422236870221,-36.15641909731061,1.5050980546738395,128.36748100653156,-49.28914910128574,220.58566281384284,0.26622782099231707,0,0,1,0,0,1
33,0,0.04472478505156027,0.07021559132234614,0.13255600756717806,0.09629617826278357,0.03087313012629046,11.122989682879219,22.017679738001327,6.9681623058925,0.1955806449342939,0.09421173809615604,0.05041041991933661,2967.526512877782,7.861055067925881,549.4544249338579,0.431232406905488,0.012808632306473824,0.00237699216244302,164.86034595437604,6.28024472139377,452.9973765656481,111.59854182593567,117.19812049586267,0.2841133503338338,1,1,1,1,1,1
34,0,0.09333548572717425,0.13413735597198234,0.1361504772844921,0.08020530112408744,0.023402616907995895,15.274477991896367,17.54363774139084,11.766686986870994,0.12752629760986994,0.05616909517717881,0.013172912043400944,3153.5673422361488,7.502088291749672,527.760423531697,0.4185605035141444,0.010824032502730294,0.0019024374605568918,152.7657780239108,5.9529039901814516,432.5051977192411,100.56954144816213,131.53225152024578,0.27372437268898575,0,0,1,0,1,1
35,0,0.09039622589452065,0.13474378381236557,0.09671707959372194,0.05260958259134767,0.018295626076903014,23.88778300284731,6.882659613629003,1.9016066602585848,0.24179492728851182,0.07402950312168767,0.04446576271681113,2383.559217619678,1.853201274566146,99.01087511758662,0.27391940147186417,0.004680387746479917,0.0008265801252007686,-37.56060395666624,1.4733724098377334,79.02658386452595,-50.3580724448203,267.99317287293604,0.35983299766339766,0,0,1,1,0,1
36,0,0.10693541522417334,0.12063454497493047,0.14542115863771915,0.10871709242261124,0.027095779124402745,24.608520580451827,21.823699348687,-3.5374720401343938,0.22748817433706198,0.11060610831380363,0.020961238859112,2865.2824068403884,6.572515221738021,452.84857537103073,0.4000057210704279,0.01148703303081537,0.00217635934279336,121.44593065155055,5.223551785132071,373.943297409996,75.9956800920509,185.8014296720122,0.5689968930888955,1,1,1,1,1,1
37,0,0.08128001873558,0.14929032777483559,0.10789953202805003,0.09927270176039935,0.06328195547885451,25.75720292635658,4.03767183424319,3.95044401897135,0.24365382899012,0.040650115141029015,0.042441310656599326,3191.8648390267954,3.976016076625004,292.6189571084863,0.2912671774558141,0.005599771192770728,0.0010172996099393607,33.96280581620634,3.1400768344604226,255.6401170391532,5.7977370101220504,179.87661262665372,0.43796035130398336,0,0,1,0,1,1
38,0,0.07420458651732142,0.11019251472540005,0.06334967220205678,0.0831556112423229,0.044375880444393535,21.914497557084097,19.02659319884585,-0.7260830238866758,0.16469468896690592,0.07687367958246791,0.05904501691441269,2562.8677275918303,4.564246617544351,274.41637340566973,0.3820018277098452,0.009970750600242285,0.0018429406155899704,53.78189412211425,3.6352199101381135,226.22984838493323,22.48045519333266,88.8152024328483,0.20331194073946074,0,0,1,1,1,0
39,0,0.09189507141397055,0.14710584944005373,0.1425275361793139,0.06961925970370807,0.047897400481841955,28.669805092676096,3.3478873463706256,-3.108340132040295,0.1473322860963846,0.0968834808026339,0.047156612608408144,2980.392223330155,2.254073620782881,205.70807651789008,0.1768571447290231,0.0036410981759758417,0.0008784377210017569,-24.054123288986485,1.7816705068305594,178.28244853556492,-39.97067025503506,156.71101985952535,0.3877225073759406,0,0,1,1,0,1
40,0,0.1372654877162846,0.10658726011314058,0.057615676144155,0.02800491646982547,0.05337557651791349,31.09380201833602,6.863123782109715,3.7326738185775223,0.10949890380774499,0.04452659753446607,0.053761165842322246,2784.5197467947037,2.700002806781666,162.85010719219144,0.29287350348621277,0.004996601880426529,0.000852740795483792,-9.0295550275719,2.1499329766854443,131.8064483324846,-27.56290509819932,130.75296644450526,0.15675820747913577,0,0,1,1,0,1
41,0,0.046532155847480786,0.05354314225076817,0.12754203626895455,0.05802489981699728,0.03953098622575271,12.185334742745848,9.30464226461186,2.396506077767297,0.10125188411182169,0.08639038158932191,0.03979374311673899,2226.627866513161,1.9073403971251894,98.96746703409222,0.2861354476937772,0.005520063361463852,0.0010135132550249573,-35.73650953082246,1.513957992429738,80.51778378452136,-48.990633678243334,74.98904352866897,0.13545847222731494,0,0,1,1,0,0
42,0,0.06327788014664329,0.13713655546787656,0.10562327461948871,0.0883001636273759,0.07174974440435297,26.92422285624369,20.718741778403928,8.567067734426265,0.12450681790381633,0.11686850242125091,0.024883814451194006,2796.825890716922,7.148678365847827,468.196423611604,0.4388664204240426,0.013113119854122437,0.0024194223923759356,140.85843550700224,5.686629022819429,389.0437868888228,91.59801289822873,91.15291782877316,0.3114757156771486,0,0,1,1,1,0
43,0,0.14150048313251856,0.03789938374129236,0.1000815608998033,0.03417006944011589,0.07941060203754909,29.761381100933743,20.910212099716794,7.219159521837851,0.08715593904651879,0.08230113214893817,0.005909965044625912,2206.857138930208,2.495447546160042,125.49933426783291,0.3376782232340258,0.007352095525337583,0.0013200751628804216,-15.921578633421763,1.9926115135956524,102.06475337162621,-32.86349347723543,75.78071644883599,0.15909387833977634,0,0,1,1,0,0
44,0,0.044012485515193295,0.10542599245053418,0.07424128732486243,0.055168327027166536,0.07586631065600392,21.059551748403045,5.68394901072648,8.330558008360306,0.08097210597838901,0.11615175986112386,0.032961116803792184,3123.343680293244,3.890606588762238,292.1761832215962,0.28235986996828616,0.0057225408795532244,0.0010840901154642293,31.085127653714228,3.0809498645685958,243.98361669238756,3.805588428861051,66.26072405408806,0.14448902421912405,0,0,1,0,1,1
45,0,0.13579728370994487,0.03183695195986682,0.14878848320938542,0.042448452876318404,0.06369706016482157,6.67591705338528,16.368658746004822,0.8183224426046465,0.08612641369758722,0.08160634414576089,0.010791145849859251,2439.030972472866,2.4995399118766444,152.14354215671946,0.27922763527629635,0.0060288791831744045,0.001185445179621918,-15.78369569148772,1.980670954057729,126.235203546459,-33.26580343471264,93.10998711952338,0.19889507282861257,0,0,1,1,0,1
46,0,0.048341295570403356,0.14234423638089666,0.13847507370090145,0.11030871252271437,0.07296005473428765,22.62463095044154,7.975151167552802,8.993796768513453,0.15629704350070964,0.11200004380328166,0.05972857068970379,2152.647117029893,3.5088840126869276,181.6118009240093,0.3890731506181365,0.010865118433090033,0.0020582846598235856,18.22385487489648,2.7737019188011267,153.28525293974715,-6.546431307239664,112.27745116566086,0.4506250298471918,0,0,1,1,1,0
47,0,0.11932544579693247,0.14002257869981244,0.06678694989725649,0.10256092323048213,0.059736889809678805,31.773003092446228,24.378916449311326,4.17814461779763,0.15104204044808672,0.10877138038332779,0.007775764574867023,3064.8507206560553,7.475757609772299,522.7715774518093,0.42033219698721647,0.011419515931826182,0.0020528815261881385,151.8786256661826,5.938636800448179,433.019742411536,100.08884098545074,110.86350298470516,0.36286681493973433,0,0,1,0,1,1
48,0,0.10864011851959356,0.12808916482312943,0.060867598759268185,0.05013562509903811,0.07684377863175682,26.2041275902107,13.761454945960589,10.863999197699279,0.22215343625136302,0.08415684345897592,0.0580467930693767,2311.7354168929123,3.795674832496114,213.95374268701798,0.37156553199474596,0.010191166161429434,0.001957877005798416,27.886618345556393,3.021407038102749,173.0333634308984,1.7994285075050076,149.70058518350524,0.32751369963980037,0,0,1,1,1,0
49,0,0.10402803507790473,0.09858524198023051,0.12892622431362338,0.031503864189460426,0.05395788665971058,5.120104251793243,11.505561048018663,-3.2993742583908463,0.2178272018991651,0.08784196495665175,0.029340282271551908,2834.78093262746,2.277747699615124,176.44521105462334,0.20944517371572244,0.004067033469797174,0.0008756514367194405,-23.256479123479657,1.805673382692625,147.82900772079464,-39.16194802248568,186.8711627528159,0.34561758180148405,0,0,1,1,0,0
50,0,0.088080314758913,0.055062965220477794,0.033724171140041254,0.04679533582946113,0.03213933531348892,6.958700774093981,4.6124473085769395,11.467651075618257,0.12514667288440903,0.061561875331986114,0.044915233173553504,2408.9005082577382,1.8887501448751114,110.59582627768148,0.2523160261563956,0.004670333778829914,0.0008944623106248588,-36.36286573870918,1.5047941651359862,88.12543607147134,-49.299387967116374,74.79636616706021,0.07714627731128962,0,0,1,1,0,1
51,0,0.06756827051056452,0.06306525359258564,0.06190714610515808,0.09105363489906497,0.04015472752373367,8.328088410245991,14.750995798779739,8.400160864165647,0.09200887122179072,0.04227649060286489,0.0033812858150331217,3013.5955226617134,4.998769033659715,342.13898347791127,0.35116712597476596,0.007897766372313144,0.0014132779159675409,68.42213725268581,3.9510356543868053,284.145113607283,33.121147385000185,59.192232466964064,0.08272023941780123,1,1,1,1,1,1
52,0,0.040764890712224826,0.05614914229813346,0.13712288818954746,0.08426518845299755,0.02438330842006428,17.645633602644047,10.330222411492613,0.3032525566689923,0.23683147694889345,0.1156126297427921,0.0387049895243529,2282.864439523285,2.2596147194722986,120.33689805774733,0.303441228569535,0.006221359312348646,0.0011435057190112205,-23.867428589208263,1.7896399364324738,99.40112027094935,-39.70215847599482,144.65232639692246,0.3098405378863203,0,0,1,1,0,1
53,0,0.12969702333342276,0.03464976648096021,0.11522508880372097,0.10751955849860426,0.07874259888921385,13.92622334276471,8.441456394794262,-2.1591972362904652,0.2499566710248708,0.08106276847314875,0.05500490729021385,2548.7020595955164,3.157387076367069,191.56886740422405,0.31483906697515274,0.006974303182775466,0.0013081201025471525,6.380966184874293,2.4943145171300705,165.87653608619817,-15.959753465967975,161.94462544521832,0.4411561572850092,1,0,1,1,1,1
54,0,0.05966525087211924,0.08761893889952234,0.10730602019542766,0.08994296251478827,0.07467058670178431,30.367101588745758,18.772259723735104,7.636152027380588,0.2227367776240209,0.0718370391076911,0.0201275486988131,3112.8799603281323,8.05717069935156,565.3545790300323,0.4348853129494144,0.011930783174803878,0.002118915759110259,171.4680154768046,6.38299605354245,467.3032605685312,115.06051393337096,97.64368224590342,0.28439412226512806,0,0,1,0,1,1
55,0,0.08052579167554366,0.14833126539175673,0.11424945550802176,0.026593467652042898,0.04991454242178929,10.94887203417251,7.145614383469878,-2.351322483665335,0.21037537135307688,0.06261867444879096,0.039216513349806345,2455.7485482695565,1.4156826017241917,94.32240158520514,0.19197991715724305,0.003368288157969938,0.0007200175129413713,-52.301799133281946,1.123890395215307,77.9315745791421,-62.133072937489665,245.32736299082455,0.3543793052086792,0,0,1,1,0,1
56,0,0.12336915223424424,0.09415586836720789,0.04723478149669297,0.07204502529940633,0.06218745677666411,35.9816887797629,17.941810784213523,3.4356419191308802,0.16878745617394889,0.04612531811619994,0.027901659760657723,3048.983508254769,5.187164481645566,343.6116289585351,0.3696144857436618,0.00800628424050975,0.0013705109989726155,74.76969277781558,4.116969470662455,287.7214242786125,38.71190938889673,123.49228555430358,0.21057104871899973,0,0,1,0,1,1
57,0,0.05430286665198507,0.11965996112535326,0.08810168453506276,0.040173923327073466,0.042795086853666134,7.396887432434517,15.573154907376363,1.1019462352312281,0.10862213771543489,0.08747824040993205,0.009257328129005713,2127.5648752327324,1.5381035493706925,82.04058655174748,0.24996051604983066,0.004875633882310566,0.0009630752435865972,-48.17710413171521,1.2249277338909035,65.41902523599246,-58.7288499362903,90.14235035575597,0.15072529904762766,0,0,1,1,0,1
58,0,0.04194035133812206,0.1438333998576125,0.12365191818043705,0.06357534107587987,0.03017299459506638,20.728756411495308,15.903742878521346,6.065523755095256,0.21659495897844888,0.1015338526273894,0.0008180621704028675,2578.4944611278383,3.246433923647722,185.1071976766274,0.33971001733748285,0.007006244642505474,0.0012206877756730096,9.381196888400334,2.570186193977619,151.0566156459724,-13.403430122047876,221.3715349077448,0.3961821485277381,1,0,1,1,1,1
59,0,0.11150795316174887,0.14583583009052048,0.14396028612703737,0.09431441703284364,0.04071295189213404,16.307990332347117,13.216978898008657,14.11141849640709,0.09288048906708816,0.04792014076738135,0.01761847787046849,2276.367939231743,3.627232788605992,196.33789728552313,0.37825163610016926,0.010043882968677057,0.0018817271561037767,22.21134732499972,2.8701067692407793,161.72214633446197,-3.2982894460653833,94.82409017409437,0.2564741592483352,1,0,1,1,1,1
60,0,0.12022837975263619,0.09473049015324024,0.07986855342145513,0.044781144909408474,0.03874805117903574,17.895592123758163,5.262669725588685,4.754220639650047,0.2072216374306335,0.09580415310520513,0.00011985081435269167,2192.4561509503574,0.5990453791923419,53.297985420813454,0.09351916013094742,0.0017881709107388265,0.0005717391646223133,-79.81653035066233,0.47737148983726185,42.60892169558888,-83.91605492462055,191.71367133552013,0.27876275976731757,0,0,1,1,0,1
61,0,0.07227341988092806,0.06198031302994297,0.06603490099059156,0.05597459361189265,0.07266364816686327,28.063878704978652,9.700470230466184,5.478221287461761,0.1838599804116173,0.0930141309656585,0.05649089980728436,2297.3940327251457,2.602498692484257,139.92097752347934,0.3225705815632354,0.007075068976284391,0.0013045365825228345,-12.314734080719115,2.06750801161406,114.04535615026008,-30.340026562868594,63.219422017695464,0.15418143334465925,0,0,1,1,0,1
62,0,0.09699295872830525,0.10931381348293405,0.08214757804361267,0.06604077467075964,0.03273536761082925,18.287471207926668,14.503016373919309,-0.5115315273610923,0.1362000784808077,0.08964383456094137,0.026275142375823436,2955.155427173903,4.018605759198171,274.17027965465314,0.3158744772682748,0.00660276564063842,0.0012010450285648681,35.39776816705429,3.1827872907629398,224.17450735737097,7.236768556702833,106.44546194226307,0.20485087844532596,1,1,1,1,1,1
63,0,0.1438976885628145,0.044561171704775804,0.09810013315990557,0.03603666135862679,0.035453353404464594,22.93904487816862,19.59911566637443,12.015633060528653,0.10617422684746756,0.05466993345944885,0.05749293817703839,2039.4231978760595,2.171541411073838,97.20667880584675,0.3538978109045024,0.00749142681906707,0.0012955492822479076,-26.834858117458282,1.737092579168856,77.747600024309,-41.472621995658486,152.73631591185057,0.1548763297716076,0,0,1,1,0,1
64,0,0.12882445590997188,0.10839286859620924,0.042443269239334655,0.04136854234246646,0.050899394452104986,31.460420156736202,21.284760115942632,12.592082830456992,0.21515885863162904,0.07974592783191946,0.051460791986535526,2728.3327768793497,4.198990326930438,265.52910732996503,0.3483589586223816,0.008093965127143443,0.0014780870496393702,41.475415327844935,3.3588531629495866,214.09050729346933,13.168907107465856,211.82228601619872,0.2801565703167524,1,1,1,1,1,1
65,0,0.10178830032089091,0.07339774167907814,0.07085371242788158,0.08101459105571615,0.029210866180050095,10.39628097415999,24.630057111162508,-0.19333912173090617,0.17167960993252246,0.06342298255745542,0.03811409223314967,2991.9853597926467,5.884157845900318,411.8387807112822,0.3725812882051142,0.00943140776252157,0.0017383160693190112,98.25329669475464,4.697214521671392,340.3396777681065,58.26194480024907,106.07319772342922,0.18712572300184444,1,1,1,1,1,1
66,0,0.05745008762179464,0.08574313971110178,0.06887283936525615,0.044000496004573474,0.03780210600223304,21.483358773740566,2.9430607024065236,-4.869054409928896,0.17713845873176987,0.06076888301211923,0.007893184827241337,3147.0926396985788,-0.6108856875142452,168.19664976290179,nan,-0.0008850178523542256,0.0006100545310388695,-120.58240187042605,-0.4796873794884151,134.30691926274397,-116.16197370243985,98.77020760504452,0.12519381806910923,0,0,1,0,0,1
67,0,0.08686843948970954,0.11405093043122537,0.12973744858095093,0.11760379694525755,0.029962221867633913,12.98662827483409,5.150519506648642,9.14236367608326,0.19357642418844231,0.06939724533461014,0.03382186791038287,2258.328308831648,2.171924504331074,123.56149664654937,0.27848751859020965,0.006110569720313231,0.001212835281616882,-26.821950662699667,1.7189583769273302,105.59572816871378,-42.08361263721934,123.72116301829332,0.38778668347003903,0,0,1,1,0,1
68,0,0.06908000120935508,0.05293892274097654,0.04650971331308829,0.08734661838631735,0.07765577741444701,36.587304417748584,24.028566473404723,9.450573851290159,0.1366801157503929,0.09897708877638192,0.007047882659497552,2614.1295458926506,4.831760056957827,300.5254101146435,0.3799256789227864,0.010145239023403377,0.0019018654075329251,62.79515016704269,3.8362893323941973,248.74130817171311,29.255031414898824,57.65862318222247,0.1496344219678557,1,1,1,1,1,1
69,0,0.05253868724845751,0.12834037125390946,0.12643841813539458,0.06254234545303435,0.05729888798184883,6.264024047245332,9.608050797816887,9.783108312056237,0.13384329203979237,0.08588911024655986,0.03083026030699692,2822.722044501174,4.2444592148230145,284.24548610299735,0.3307210044247502,0.00764358800997477,0.0014287923940593495,43.00738594417164,3.35856016460346,235.36886060275626,13.159035195534363,111.85966958562632,0.25944647288579614,1,1,1,1,1,1
70,0,0.11495870065109173,0.11193528298473203,0.07506629358259279,0.056469331219434565,0.021417054059529005,23.3723229066312,11.715679495044943,11.005458847341192,0.17956949252585253,0.06378655995150072,0.04230832317237088,3178.585931122664,5.6198071525862066,386.1091345882626,0.37093161513593986,0.007981134592462616,0.0013592148279877702,89.34660217608513,4.463540389945999,309.66662772728625,50.3888271545148,187.21506963677257,0.2444329680807464,0,0,1,0,1,1
71,0,0.09487348400432792,0.08387990310414936,0.12055344453709058,0.028629718683133194,0.06552554223038912,8.60269507426821,15.960884088508575,14.645929793996292,0.24571458801700874,0.10315653789943915,0.010300714620727784,2088.8974859759005,2.122931163611823,105.18093791196151,0.316146688498542,0.006980922128672023,0.0013045644972351075,-28.472669689628603,1.6895667523013254,84.60418376310348,-43.0738964858044,158.57720132217912,0.33075655841040374,0,0,1,1,0,1
72,0,0.07028195646385993,0.08172526516703968,0.11744657976855274,0.09575738383676026,0.047413254406631196,34.23701172389574,20.20749048235875,2.221947745545396,0.1174175497180325,0.10575663807126826,0.01485034253295989,2349.245082565951,3.7162968150378637,209.90151933237752,0.3669203637432137,0.009661952005670634,0.0018302503584917385,25.21215684089837,2.947349054787767,174.442659847078,-0.6957865637544747,76.36837448353165,0.23153469556829828,0,0,1,1,1,0
73,0,0.12468342432737903,0.032566804046075926,0.045091432236327895,0.09706454946713428,0.06788545315375275,23.45403517421232,22.25072026601552,-4.346294888744215,0.20150166360931468,0.0763438477089309,0.03111621025558102,2770.772634006262,4.015288969965613,306.06975860994714,0.28260288783615756,0.007504576036086095,0.001626663231064165,35.28601650827537,3.188896478159022,258.1545763353935,7.4426037115573385,123.0344188477079,0.2513455629201225,1,1,1,1,1,1
74,0,0.1210372595816801,0.11501836663327672,0.07904999746182395,0.06911369277711564,0.04342076444282679,29.14315212784915,21.58896458038208,-0.11968162713946118,0.182038947883923,0.10826986385467458,0.04756551022205612,2910.436598084614,5.65217155340875,375.84520606982596,0.3843578851496479,0.009574369516966014,0.0017235126854664832,90.43704694773416,4.507583906910424,310.45531565655034,51.872773143882235,147.49806982530916,0.3186660546874468,0,0,1,1,1,0
75,0,0.1228887865049362,0.07988858683659344,0.14817589143786886,0.11486329398912189,0.016674910816410923,32.47280935436762,3.735945898714461,13.211452554477699,0.1002979046502275,0.09375739424299634,0.014192422877736246,2693.699147739384,2.003959368142457,148.8891151247032,0.20482936866050086,0.003962797401207647,0.0008611832615654654,-32.48115336447247,1.589059576659396,129.34379474051727,-46.460256851098514,101.18543149662675,0.3027071828227362,0,0,1,1,0,1
76,0,0.12582911883333164,0.07902956620456354,0.1016101599771365,0.10955903135116613,0.046013325402670224,13.56837988847353,10.467884681234954,13.752769955812628,0.14974086131048234,0.04703769687415012,0.04123219477620298,3070.974273200298,7.472916475351914,544.6698602136469,0.4032029084682616,0.01136969743033145,0.0021261049916305773,151.78290011293512,5.916760920997012,448.3946087175127,99.35178305245998,107.82460184613323,0.2581711872445368,0,0,1,0,1,1
77,0,0.09556480262210668,0.07812586694589771,0.11069219386838085,0.023467300681112562,0.0784539663442387,34.53558093989507,13.94157512812499,7.923578591040288,0.12921446569361092,0.05939376024265834,0.03546512871393838,2319.9030222414494,2.6823762646415954,137.59939949269508,0.3432296642656651,0.007151401673966368,0.0012459107825438839,-9.623441218275087,2.1330781251733493,111.61103182467724,-28.130790930817074,78.2981918094646,0.16411649845326465,0,0,1,1,0,0
78,0,0.04806910247264767,0.04303988557315782,0.049631525065383014,0.0322825438789398,0.07514946806537806,5.772749186172294,13.551775496770311,-1.102244085315855,0.08421487246442717,0.09216961690593722,0.0038445804386825592,2642.2619311624585,1.1734423830065042,121.60667682682308,0.11237172367449287,0.0024116882674315473,0.0007452632661549553,-60.463531569861715,0.9390457201498674,102.98925766346159,-68.36099325640608,49.73133273015528,0.05808023191756458,0,0,1,1,0,1
79,0,0.13525764431186865,0.09631051701286307,0.059478105927552,0.11827652998650365,0.01520960147906978,36.19326667949767,4.537073879764486,7.503860826582757,0.09398576063389334,0.07122679777538493,0.01117068406637363,2418.1393599305043,1.127682504045344,96.3118737984658,0.13366639617608872,0.002767166719839604,0.0007700443734519533,-62.00530646747493,0.8971824147057311,84.12503588071401,-69.77148198430825,76.64140045163663,0.20137852295332614,0,0,1,1,0,0
80,0,0.13833131809534832,0.06869461004699642,0.11633964821046495,0.06735009865842105,0.04212839050485645,9.100252793229547,8.623009922935058,-3.7215542897698475,0.2287568639634519,0.09814461618476648,0.04547623542319903,2599.7251284920253,2.3093793713426445,159.41996294853163,0.2366584561960207,0.004902883272830193,0.0010257471185392245,-22.190721989803087,1.8291225880781925,130.85138182695073,-38.371880455586506,224.8789311696356,0.4009784178066248,0,0,1,1,0,1
81,0,0.09940346104113836,0.09238630929245553,0.13446098557252123,0.059833721031224515,0.035272937403079116,38.00538656805098,14.272999642454035,10.591180982824923,0.11489110634262244,0.06429106372675304,0.01961873891542939,2057.876810939942,2.2951195206521833,104.50504554738674,0.3576782311276493,0.007776383957706669,0.0013556857671544222,-22.6711751801825,1.8242529910421867,84.34637952803145,-38.535950436584,100.91535783610802,0.2044276452656779,0,0,1,1,0,0
82,0,0.14690043933839358,0.030276639664291033,0.058228014184818086,0.09238151847878638,0.0684081027799066,34.71985437226729,17.174236050593038,13.107615878332833,0.19176940488722038,0.11771505115739136,0.013421100751353231,2010.8261651309904,2.6273782054553956,131.24157298116603,0.34884641999102484,0.009323622329421292,0.0018248523942659702,-11.476475557432764,2.0835986321494286,108.52738055616564,-29.79788975237774,143.47559899821775,0.3320161750814009,0,0,1,1,0,1
83,0,0.07813232868649614,0.10176954205738156,0.13996993030801858,0.061339690974183986,0.04147058292110386,36.88914698508317,2.5478721253815317,5.0313447805202,0.2112609953108638,0.1046290747867091,0.012386265663179965,2425.978167579211,0.8976208706422899,92.23057273608711,0.09912571090955069,0.0021884181155972936,0.000730287957133694,-69.75670921016544,0.7125115666976861,76.93434159523714,-75.99354559643915,168.62325817976992,0.366618985576519,0,0,1,1,0,1
84,0,0.11717811729089142,0.10105052194357837,0.08676986216057395,0.07719191121552196,0.022870247487178107,35.111396947534445,11.874610140021726,11.275572107967218,0.23179489796304853,0.09103028023898593,0.054368932894045825,3172.514945789027,6.8217069813299425,472.8099595155011,0.4051116969167631,0.009725161967298284,0.0016740001161032428,129.8418794248633,5.412529861368959,388.8265256830684,82.36286594908893,189.24432031496593,0.3474464632126685,0,0,1,0,1,1
85,0,0.14994000702095495,0.06604072837123237,0.07719247048702452,0.07955398132608697,0.017263358721781072,27.56127049435228,22.659515882752476,6.7339970219367,0.1604516690735353,0.0673981165327483,0.021835952691922907,2707.0670671042226,4.841242239881724,296.40862358240406,0.38633690287906236,0.009479161412268119,0.00168917126957848,63.11463072377774,3.8636352356533488,243.03056289637496,30.176389341420105,191.33746747401054,0.25781868587461315,1,1,1,1,1,1
86,0,0.10912029813130929,0.09113551030809672,0.03961164883136948,0.058543558343017624,0.025230587017440992,28.90165278936196,9.17058472108989,2.6538949725593373,0.2388001837515682,0.05408586376600476,0.027564433004396316,2998.628791782373,2.5968855849311043,181.15736482533498,0.24833906211014067,0.004143988466847368,0.0007595699460291267,-12.503854955151471,2.0655051954535684,147.62808942608123,-30.407506891726133,206.22826769400396,0.22249613920663647,0,0,1,1,0,1
87,0,0.06408770489322735,0.1384797517030975,0.08408588160157592,0.052064067977191486,0.06601065624485283,38.74112881951953,2.047539759122966,8.042197771730901,0.13144515559957107,0.04146411757273311,0.006611725919136388,2723.2322010420635,1.2986172607682045,142.20615826295645,0.11187296807298071,0.0025125977072566097,0.0007960572105989389,-56.24604916549176,1.0300852411647585,120.05283091481668,-65.29362394997445,103.45405786523163,0.17985427066476364,0,0,1,1,0,1
88,0,0.08371590708112611,0.03534458820375167,0.052227724133383946,0.11651050996876722,0.07664509358685029,7.72354587448104,24.184322312977844,0.1520878858439092,0.10533916731373637,0.10963611995299646,0.058525264644856335,2510.9641681798703,5.404456253564881,351.1363234504651,0.3846573708937327,0.012299348597874892,0.0025074605528647366,82.09084412280596,4.307177499430951,290.72825792874204,45.12053569511292,61.37735502327849,0.19424498094854173,1,1,1,1,1,1
89,0,0.11331455438747695,0.060373406562578016,0.03228865776193791,0.0848796136459447,0.018269574551054223,20.118472492687346,6.2118916565744,-1.636384848446725,0.23466139885030307,0.0449055216156583,0.02254533783218575,2480.047206676063,0.8474957981262442,83.31479137280456,0.10067138120028644,0.0019771007199255656,0.0006174789634064006,-71.44555936232331,0.6744641907336623,71.66848826398046,-77.27546527177688,168.0481884344713,0.20594352618738032,0,0,1,1,0,0
90,0,0.09805058363219882,0.0718701765612984,0.06499857915747197,0.07469499154654628,0.027595393577904817,16.618739490749185,3.4249483849443987,1.5618256458376258,0.13882413708134272,0.05028834260945482,0.017445174858289912,3080.6265113344525,1.1367652877183554,151.16270128492033,0.0861952569934718,0.00171871490005097,0.0005845307952266963,-61.69928275881552,0.9027372226966229,132.10581571157428,-69.58432538084153,91.4323470316933,0.13557165187783407,0,0,1,0,0,1
91,0,0.11048458933568654,0.05042702367805012,0.05622318777424035,0.11913228705230156,0.0514602178503897,14.779900491450165,10.981394556643103,0.48997086823556213,0.18568453702341653,0.05781951232102244,0.04950775748430207,2112.0426626767385,2.3977741960668757,122.82037865866917,0.3249853613616499,0.0077128350713004746,0.001473812616929908,-19.21245970125082,1.8987128828000732,103.51875299678849,-36.02719397573877,90.89453875591053,0.23354980418114135,0,0,1,1,0,1
92,0,0.10359308425128401,0.09694807417942325,0.11240291154366386,0.10471735254387718,0.07129442728359173,9.28835132563535,15.39982360953564,0.9629241330907448,0.15880608516759995,0.10661278522341844,0.009032730585488858,2628.586638329417,3.737315502657864,241.4210754903133,0.32172608266666003,0.007761154091423157,0.001502755029855124,25.920333647502147,2.9500657068980574,207.16585626064924,-0.6042551584212519,91.91391488119608,0.3541382718199138,0,0,1,1,1,0
93,0,0.1417563970967381,0.08667404813788773,0.08568332883504062,0.07797795466642901,0.05561088373594602,18.769206208777444,2.271689865856942,-2.858016731505891,0.24679665896028086,0.04909573214702797,0.011999415739400032,2592.911378231685,-0.05267420302899491,114.49342829319268,nan,-0.00011241745832921648,0.000742501673863045,-101.77473729882058,-0.03789420437203333,103.7875552361309,-101.27675890741352,231.96665103052183,0.3809174606668793,0,0,1,1,0,1
94,0,0.14494380939102186,0.06455202404307009,0.14108151740657868,0.025220220158415088,0.06459090247678301,7.985694550348143,23.051399983610906,13.43335346699697,0.1990189922775894,0.10005190114418164,0.04316873067369552,2807.2896226822168,4.712244134953733,304.6872107607648,0.3609185937376172,0.008579549369558171,0.0015569420996762921,58.768333387929,3.763448579103787,249.40160470275922,26.80082813692004,217.44245185190167,0.3958309099803051,1,1,1,1,1,1
95,0,0.11834050201061846,0.14416008067375968,0.07200542729022899,0.030412360993882365,0.01960353248374397,12.529680194539722,10.61763866852506,14.997302030578894,0.16997341444570624,0.07951731499621156,0.04856211840556095,2667.148512084469,2.7912062482741593,152.2779024001491,0.3292098454550493,0.005630003525407751,0.0009073507185333045,-5.9566627939973245,2.225085635876531,121.77284100655636,-25.030807416558932,298.8763532830814,0.28573763414859304,0,0,1,1,0,1
96,0,0.05904951081510826,0.09044453169652253,0.09444513813921285,0.0890031450232428,0.021577699439615246,20.288102809900657,22.77104675036298,10.04257712046332,0.16755881362474467,0.05552823054204744,0.03673696861429837,2689.6163248543626,5.705475171037261,357.2012591741099,0.4101536268935511,0.011316764834213946,0.0020754959139485897,92.2329909379131,4.55975107920107,294.49076174710683,53.630427196801556,89.02994025928905,0.18329771707038695,0,0,1,1,1,0
97,0,0.13964020024592394,0.0440970148604706,0.08138683884248182,0.086649826134624,0.05231592477522846,11.879857752084344,20.44416292350352,-3.8044877089440052,0.20426076526438747,0.09022931624374375,0.05618982810550792,2466.408111774058,4.05430827557987,253.5976069967138,0.34606032272514453,0.009563085162969132,0.0019108659808142155,36.60068313948348,3.229406618020348,211.05083508990077,8.807500607154584,168.53872565898448,0.3170215033718037,0,0,1,1,1,0
98,0,0.08829561300009314,0.05096610947242937,0.030961548693383675,0.038215663964647976,0.05613904163780248,26.27427186435341,19.783758566246057,1.3050974621811129,0.11104488025654316,0.07320992053825323,0.04799721062990651,2759.7215475042412,3.1354897634101326,195.26966133373153,0.3056645796075261,0.005907258744957243,0.0010503133300743567,5.64318609872414,2.4995960546032334,159.3126151726193,-15.781804090187556,63.12113652695412,0.07427970954217916,1,0,1,1,1,1
99,0,0.06525741858852872,0.12435958815261566,0.0333209757859119,0.048640047248412546,0.03157947704226539,32.91149727361774,8.907233576196864,1.7941347043111566,0.23995927364503677,0.11434188496361392,0.049763639042338145,2177.7608417155357,1.555499863150643,77.21592027307707,0.2700971003663167,0.004706095585404345,0.0008451935928611242,-47.5909749612317,1.2408901194155895,61.65687173759755,-58.191033712412754,182.32994113524452,0.2329732029679537,0,0,1,1,0,1
